,A,B,C,D
2000-01-01,0.16267220427150786,-0.8895792746679472,0.358035930253753,1.6756383093988352
2000-01-02,0.5352664682095234,-1.6382308481563057,-1.8430401907841716,2.7514157116690905
2000-01-03,-1.8414817636343999,-2.1569619228901273,-1.3224309497366122,3.067922966512981
2000-01-04,-0.6330680775928059,-1.4169487212805847,-2.4237145184274125,4.300585056147607
2000-01-05,2.1656895090616217,-2.0035951823965177,-2.556873107180881,3.669318848509704
2000-01-06,0.1247519905423018,-1.3941508105795974,-0.4623042533495769,2.524379881835481
2000-01-07,-0.363852649247421,-1.7170530503351376,-0.6132943616006428,0.0805607292882673
2000-01-08,-1.0057124314423727,-2.850669640138878,-0.764614700655697,-0.44009559248362373
2000-01-09,-2.245889717822543,-2.5871418387209597,-1.5519289309025444,-0.2848869240925538
2000-01-10,-2.131756389825987,-1.6872274168207604,-0.8759927365715359,0.6967267514231678
2000-01-11,-2.0404960458632866,-3.072518579558466,-0.5514220330744417,1.8971601863785281
2000-01-12,-0.6553804959921925,-3.025096717667945,0.608764606988395,1.9569386639609812
2000-01-13,-0.11127175592947702,-1.7479458534859942,2.716620317631315,3.729139921748528
2000-01-14,-1.635631215905415,-3.4945640243633744,3.6880301401451723,3.2770930305413373
2000-01-15,-0.9195655058119634,-4.622274586222976,3.944726341241505,2.5970563965245983
2000-01-16,-0.6566441760929169,-5.275409641163599,3.8968297381308403,4.033396579675276
2000-01-17,-1.3544182354129242,-6.0791351312635635,4.271731638253572,5.99092152226509
2000-01-18,-1.1831174304343746,-5.20605421637134,2.6500600569539086,5.070809912620713
2000-01-19,-0.5057058185958714,-5.6088793891767805,1.045534745522947,5.761951099789765
2000-01-20,-1.004771869737843,-7.464950298414008,0.7471748886194206,7.125893178648184
2000-01-21,-0.6438263067320462,-7.594829396985363,1.2981314950748497,6.579414894317979
2000-01-22,-1.6084543888614946,-6.658177898917829,1.1630654200155193,5.175887155830692
2000-01-23,-2.3197759639583895,-6.223948165031907,0.45016438353670196,5.194110556949578
2000-01-24,-0.879215991307942,-6.541596191658038,-0.23038351169073967,4.231057358789234
2000-01-25,-1.2506780184839281,-6.2497295722363155,-0.6620059842504238,3.3799735258469443
2000-01-26,-0.6699507551520187,-6.6748238105037885,-1.2721284907093287,2.881277762175044
2000-01-27,-1.958508000734705,-7.7031851809156855,-1.9618351229252355,3.96917632121413
2000-01-28,-1.5138777878795502,-5.7896830943074375,-1.6094911811663175,3.4255462035687
2000-01-29,-0.8881468725620169,-5.767923239167642,-2.6732683398003387,4.006727390788255
2000-01-30,-1.3557351456415598,-5.752276774961402,-3.568736245297149,3.7517229007530886
2000-01-31,-1.3166976579234702,-5.8459618006963865,-4.727653410790935,2.9228406280467807
2000-02-01,-0.37243038069965095,-7.842461457533738,-4.366800433759655,1.7602083153632209
2000-02-02,-0.33769238791777745,-5.777589609799889,-4.863115999488884,2.590292211458582
2000-02-03,-0.08360838538407783,-5.507046317452302,-4.791974929173329,1.2776329478980402
2000-02-04,-0.2808600814434174,-5.172116582274882,-4.901183587635513,2.178861793043779
2000-02-05,-0.45329646952501035,-5.051576028610061,-3.2697874040768173,1.919788674896434
2000-02-06,-0.24530977240857885,-4.836202295023599,-3.3373981764694545,2.6013190092833867
2000-02-07,1.2826973381782985,-5.0031795179093566,-4.505424454475316,4.110291954893304
2000-02-08,-0.33871455082044366,-3.9870977230352107,-4.83128398675399,3.2083458158844467
2000-02-09,1.048121943343886,-3.444429483232674,-3.100483137092711,2.247985552770943
2000-02-10,0.31786901628638087,-2.0315878264432423,-5.903183169319753,1.1799282876328356
2000-02-11,0.23403438403907362,-1.479434642012321,-6.05541038056578,1.74284876142859
2000-02-12,1.6327037914409743,-0.9705017453977475,-6.03636434632083,1.1785335254727918
2000-02-13,0.5860022373649956,-0.6852313793679721,-6.894274343897431,0.7943211209324423
2000-02-14,-0.9295368154346526,0.36632868383907957,-7.666061434932397,-0.2284474251331179
2000-02-15,-0.8908988963341674,-1.008602679605659,-8.326187238529206,0.47903606999543413
2000-02-16,0.9600235629256307,-1.1770362943542356,-8.369100735036634,-0.03227576049423386
2000-02-17,0.5873118415494861,-2.0557196497250656,-10.189111373962147,0.4710935816696393
2000-02-18,1.078423560647753,-2.218503964370099,-12.61546878845247,1.5437630150380144
2000-02-19,2.914978147574787,-1.813522817336483,-13.142158022893577,1.6682924243978192
2000-02-20,0.9394702210699748,-1.7886667196100048,-12.629605417572842,1.9864622862098316
2000-02-21,1.3663979071874637,-1.098041021763183,-12.875036282011237,2.750235849756367
2000-02-22,1.14088972342609,-1.5321031914662195,-12.402998675098825,1.860232050082565
2000-02-23,-0.35516918287274835,-0.8045409624017092,-11.744111723021685,2.242929842779673
2000-02-24,-0.11350255361907766,-0.39618942526477435,-10.68566483532887,3.07422084563286
2000-02-25,-1.2383431665499693,0.33490229032340263,-11.366897981426733,2.456836046556494
2000-02-26,-2.752172140106342,0.9464172265771524,-10.712212030569091,2.23764429275168
2000-02-27,-1.5465841619710872,-1.2951440746751626,-11.799747273645666,4.225383124060117
2000-02-28,-0.10174251450625049,-1.73536970451036,-12.341704626624235,3.6996185484871384
2000-02-29,-0.3827905480451853,-2.0221083609152277,-13.782975217849453,4.403653993477906
2000-03-01,-0.8155323400674988,-1.7387799146327023,-12.463502168192687,6.310727744662216
2000-03-02,-0.6394217298992553,-1.8386026021962434,-11.058908504980396,5.4417275493424295
2000-03-03,-1.1575346933257742,-3.3710968518985083,-10.380968039180535,6.485790404092404
2000-03-04,-2.0185324966270732,-2.4896912387396144,-10.006430997506351,4.965137496527307
2000-03-05,-1.23214643227041,-2.8676481758545274,-8.32767162431917,4.765141947051823
2000-03-06,-0.092730644485147,-4.254064393413158,-9.506059012788656,5.383929780730838
2000-03-07,-1.1731166770922707,-4.202246098249052,-8.621381994108042,5.273295937752683
2000-03-08,-1.931420609506215,-4.227266870018265,-9.178104258970057,6.560784257599704
2000-03-09,-2.575967189089489,-4.057807399477092,-8.963265734989102,7.985726127420187
2000-03-10,-3.157424563906475,-1.499284297705096,-8.673120128644623,4.567923603537627
2000-03-11,-2.8898358673918394,-2.0111708530035686,-9.86319757310638,4.28637589458177
2000-03-12,-2.2375190926039945,-2.066090464231508,-9.333767678311027,5.2370348636561745
2000-03-13,-3.914916381335747,-2.39689228191402,-8.945511000191363,6.095423667607409
2000-03-14,-3.4101200661339313,-2.491557364821449,-8.580238597611318,7.499681611099802
2000-03-15,-3.1558824763896682,-4.321502194949304,-9.268037422746835,8.719203784079117
2000-03-16,-2.621558097261767,-3.6053561053489287,-9.582527369368075,9.355361478694547
2000-03-17,-1.064656052580126,-3.5556370550537486,-8.293378992763902,10.338414551204268
2000-03-18,-1.9751860481721102,-2.391016678290753,-7.767253026456982,9.729060139974118
2000-03-19,-2.212398570465748,-2.553805892703285,-6.710075244351838,11.807132009870791
2000-03-20,-2.1478640586059963,-1.766575181885099,-5.64407233443194,13.504613127099695
2000-03-21,-0.9584516514251313,-0.3715489512794765,-5.820140608158803,12.324372505568206
2000-03-22,-1.9855240310793836,-0.6889302019966449,-5.751093806224549,12.984320483934473
2000-03-23,-0.8026386684869902,-1.0073708374362096,-6.002129207821219,11.97175429520285
2000-03-24,-0.7361396753045107,-1.256455406289947,-4.317198116555121,12.7164933360391
2000-03-25,-0.8840675534692319,-2.4522389917958773,-4.774375741856632,10.93271699325698
2000-03-26,-0.11709956462522964,-2.1871126933782983,-3.1829647779153802,12.137777048393003
2000-03-27,-1.0515483909478887,-2.4549477483874327,-3.5862317148328664,10.792396920562021
2000-03-28,-1.8877078519411326,-2.8681671521549608,-3.7282571855313593,10.5526502468498
2000-03-29,-2.2464369600084093,-2.554742135824169,-4.8804989250921915,11.107620863903197
2000-03-30,0.15532328700894027,-3.2037056520636598,-5.207869945465887,10.332060027667062
2000-03-31,-0.22116546369822643,-3.9913140235688953,-4.968108398847023,11.816815712068397
2000-04-01,-1.3642530065540295,-3.2488819968526936,-5.629564880936108,11.808464008260374
2000-04-02,-1.7130391392179205,-1.5107112143945354,-5.4766232849286896,13.484764708022867
2000-04-03,-0.8400474657213154,0.4654102523200505,-5.613471914502283,13.307718847038112
2000-04-04,-1.697365531523524,-1.0183795859860454,-6.232236245535116,12.15536686790025
2000-04-05,-3.684050740543314,-1.3363013376090231,-5.318070145608311,13.708827238277784
2000-04-06,-4.116455099463213,-1.4339698750003318,-5.8684684636033655,11.423209360879701
2000-04-07,-4.772527776044708,-2.824312380729471,-5.941313744815113,11.095670737725507
2000-04-08,-4.335759766027655,-1.2996183779507329,-3.7905227191965376,10.697156283336867
2000-04-09,-4.259228538448602,-1.7777079182080364,-2.9877003292114344,11.644639136495242
2000-04-10,-6.280119186648021,-1.8585760809083571,-3.1982441756829068,10.117354960094953
2000-04-11,-7.962912615287637,-1.547286368732657,-2.727924063653986,9.81131658672262
2000-04-12,-5.819874901251714,-1.1034660095327347,-2.9210332888185286,9.533173258479485
2000-04-13,-3.975031870490431,-2.0491691062306647,-4.6324337141200544,8.896973260990535
2000-04-14,-3.455210287796243,-0.6679973071085357,-3.4811055275696665,8.870903453226695
2000-04-15,-1.965007118752221,-0.8023975786957878,-4.449673839566597,8.942476434175559
2000-04-16,0.21426682257893992,-2.132856612957978,-5.961559728651591,8.651651238346533
2000-04-17,0.7493863849148931,-1.837483704468184,-6.929832436007509,8.94500467312201
2000-04-18,0.41192317600891837,-1.029747705245799,-5.746457874127515,9.65578035454844
2000-04-19,0.32045811773946226,-1.598642566956754,-5.2118937117713475,8.894504799331813
2000-04-20,-1.4038475285862542,-1.6532083695404336,-5.5279048644496,8.654634640015406
2000-04-21,-1.7296219953337402,-1.4071927926728653,-5.516500609168997,9.81213190434616
2000-04-22,-1.4287441238563745,-1.628169444132402,-5.22582037325414,9.562662637508426
2000-04-23,-1.407858357805697,-2.4243994586689976,-6.159307249643933,8.842937344576018
2000-04-24,0.1455581833545938,-2.031716128899546,-7.380408023644847,8.360927156071602
2000-04-25,-0.3918705556559712,-2.89371146720511,-8.453063987610603,8.09398520973632
2000-04-26,-0.6197861696979359,-1.3700969918719952,-9.747547969379585,6.975836584794431
2000-04-27,-0.015327860417496342,-1.9196262833267106,-8.60049837458874,5.573108325633049
2000-04-28,0.8266120147312396,-2.8102875548011266,-8.367460760542697,5.138597055553002
2000-04-29,-2.1834437920623357,-1.3219557034740927,-9.60794201619578,6.090283306582768
2000-04-30,-1.8272704828125232,-2.453511605890033,-9.47909336220445,6.52332637778732
2000-05-01,-1.2721408127022957,-0.7815710083399621,-8.532471501602336,5.752233539502743
2000-05-02,-2.7394413308312795,-1.3568211512228112,-8.128886138128069,6.036962996064511
2000-05-03,-3.3374706858655756,-1.9229603190641122,-8.994169766258791,6.262080630757832
2000-05-04,-3.201017104278218,-1.5487892020565386,-8.930871887817336,6.954423589313436
2000-05-05,-2.7255112683566196,-2.778091527903676,-7.563564800563182,8.574533911100996
2000-05-06,-2.045685894093792,-3.4351967543943793,-7.2132764046891795,9.012826520849513
2000-05-07,-2.1876053568115665,-2.846758600135967,-7.205527180371839,9.690633509627729
2000-05-08,-2.2571654533168726,-1.1914484579842897,-7.2309657081215475,8.292540793388282
2000-05-09,-2.167129519944113,-1.1448656483577229,-5.687405610738478,7.872219337159825
2000-05-10,-1.6505472077528374,-1.3025759570011943,-4.080216293783643,5.901890655509137
2000-05-11,-2.1010002673459884,-0.6704696750070029,-3.204915802312893,4.0256703404638
2000-05-12,-2.1346799849534706,-0.9087801072531168,-1.3205841129409763,4.751604331968681
2000-05-13,-2.984627356539006,0.3767670067729949,-1.5470558058742403,4.158970650018042
2000-05-14,-3.164720171624143,-1.0978801719287132,-1.0503099128828821,4.592377783421336
2000-05-15,-0.9171833424608251,-1.99532380601649,-1.2238638507732478,3.974581135948083
2000-05-16,-1.3596716239090303,-1.2141960998023509,-1.2807941143371262,4.677760144523321
2000-05-17,-1.6481820392989195,0.8129629741895268,-0.8903605843487616,2.9654854432564477
2000-05-18,-1.2647286181634556,-1.0573992437636521,-1.8418562976745,2.891668765747881
2000-05-19,-0.35058591267574124,-1.1619923966984944,-0.1819328652327914,2.0023384446642183
2000-05-20,-1.6980717985300124,-1.227380601489604,1.0430310712747703,1.7912249839929077
2000-05-21,0.002370286567405122,-2.79029082856536,1.5855049654157614,1.2357045418296826
2000-05-22,0.3552060735929366,-3.7398082554903653,1.6638410036701672,1.8822553488197074
2000-05-23,0.28684452359573903,-2.6219874454380534,2.118808524611036,2.255575325840825
2000-05-24,-0.4267285286458919,-4.144585536772684,1.9909496836522744,4.28193248390497
2000-05-25,0.5640391472162287,-4.508840540478252,2.853152683142057,4.3278639691542
2000-05-26,0.003167933932607836,-3.6175036288377633,1.6924056545071737,3.626656824648181
2000-05-27,0.9504625085870334,-4.1315695103259555,2.451412900883085,3.056933112610418
2000-05-28,0.24969776653196585,-3.301434342896782,2.4300799314373793,3.9657393917321078
2000-05-29,0.9332588530762987,-2.5784907433250073,0.28413979688086544,4.408735484505949
2000-05-30,0.34694355916827213,-0.9583535094136508,0.001799561255432236,4.9728357667750664
2000-05-31,0.1540271430107236,0.5738181568289487,-1.277635865919978,5.5644410542075855
2000-06-01,1.2720262833472193,-0.6341428189509779,-0.3379889880098159,4.975165932235958
2000-06-02,0.5915073163212563,0.5369989534666109,0.8785453181133656,5.610001977558691
2000-06-03,0.00901591506230226,0.3405793450965105,1.0931281246466131,7.382988968345018
2000-06-04,0.2293339023862354,0.2395588918619213,0.633461367513942,6.115362435155562
2000-06-05,-0.13647073592398273,1.1311309035146193,2.082751494989275,5.427352103962748
2000-06-06,0.11197618459699238,-0.25234731472839766,2.036747074822295,6.2244293344044825
2000-06-07,-0.9582603817744524,-1.0475660992341038,2.534996881917222,6.873160239496249
2000-06-08,-1.7955966440441453,-0.908391766533241,0.5226079954567093,6.9138707937016575
2000-06-09,-3.5092502989515797,0.5266808885432646,0.48884504203916673,6.834352624334359
2000-06-10,-3.1990322431401386,-1.5181464464953014,0.8183721963713599,6.734053266458538
2000-06-11,-3.9928834510726023,-3.3586742737330457,0.5313787971494978,6.534693781554062
2000-06-12,-2.1350378617905235,-4.457504879770303,0.14203524805701123,5.224133752798485
2000-06-13,-2.884419114317477,-6.249973499561972,0.11483214069975425,5.0919360530388476
2000-06-14,-2.179378530155561,-5.073567651495816,1.5867678963284888,3.564412999852713
2000-06-15,-2.8625098798245445,-5.208646520799302,1.350304088085443,3.5447362913125433
2000-06-16,-0.4852884105047881,-5.1475421162906265,0.5428295799091192,3.987993308154633
2000-06-17,-0.9091063829849062,-6.45197829413057,0.8270156123687736,4.763476491006732
2000-06-18,-1.7304926165521453,-7.031532935217717,0.7110091016147079,2.94969386316048
2000-06-19,-0.5877980121476656,-5.985096220750496,-0.17763945823286542,3.4844267559607665
2000-06-20,-0.15883348582844536,-5.4503215705509405,1.987666329781451,4.62991868283243
2000-06-21,-0.6057274149648016,-5.946340181447066,1.6673289234490722,5.658411641119117
2000-06-22,1.7792441865344726,-7.120053325695656,0.3917922272276373,6.695865246258183
2000-06-23,1.70527728749725,-7.886254953719645,0.4842035966444357,7.166499396476579
2000-06-24,2.4898247610469024,-7.356712301858529,0.06930579381580892,7.9820923650735125
2000-06-25,3.8097950168140615,-7.204510133071862,0.4571675793980437,7.780427092773108
2000-06-26,2.285583345490041,-6.810131595873585,1.026562964431162,7.946815837324343
2000-06-27,1.387450679260899,-7.381598507101561,1.8848537736454967,8.035000512770335
2000-06-28,2.0373063823625577,-9.870929518542422,2.7477642779381473,7.381909768441851
2000-06-29,2.722058158462959,-9.257408407849908,2.74719115826924,8.119694294020423
2000-06-30,2.197639669868199,-9.329893933853866,2.1580654215878603,8.861189257219557
2000-07-01,1.6502933969449112,-10.329846320534946,1.1910260260301675,10.375716159121716
2000-07-02,0.9544469971736208,-9.471097876661828,1.286119677617298,10.669130583709656
2000-07-03,0.9262522853596098,-10.248810561203523,1.62018603234953,10.384963203384908
2000-07-04,1.7799690869465978,-10.211418796450184,0.9934401133718166,10.087717169706037
2000-07-05,2.678337126661195,-8.47906436362613,-0.09584052933379328,8.674732635647286
2000-07-06,3.6552130117364685,-9.737761107408692,-0.8093601911187284,8.842350950743377
2000-07-07,3.8115797840915513,-8.98750950128924,-0.4055983827696966,9.177416847948034
2000-07-08,4.200145805729225,-7.305421453654659,0.0807812259444175,9.444516996042053
2000-07-09,4.358274496071126,-7.804252993938607,-1.08954329938227,9.031116739808464
2000-07-10,4.716791687557482,-6.890560046643641,-1.256335011152234,9.24329021174749
2000-07-11,5.430968171573201,-7.538667290138771,-2.116276374896656,11.397377637609765
2000-07-12,5.921116888835512,-7.502245586290782,-2.8720153081581787,10.708066790610605
2000-07-13,7.061653894188055,-8.700958614936129,-3.622953327024172,10.375906137247675
2000-07-14,6.304345695730449,-9.610979415942518,-4.0994221846603915,8.959553739738542
2000-07-15,7.16045853929385,-9.628046403557914,-4.816721862519107,9.645347466695616
2000-07-16,6.015210034782015,-8.296055846622403,-5.984115232285897,9.769526452894883
2000-07-17,7.110235490102374,-7.336440432544183,-5.462656557611203,10.04035093427181
2000-07-18,6.135647812652203,-5.211870860979856,-5.10822439897931,9.837482283733982
2000-07-19,7.709031022612974,-4.3097976033808445,-5.041859335238067,10.408231434082023
2000-07-20,8.506652863873729,-4.644993313458153,-5.2722889407740725,10.876575813060562
2000-07-21,8.003300488386362,-4.348331157041587,-5.391486438156262,9.833521346923598
2000-07-22,7.680846835404303,-3.974858261837012,-5.676269277450912,12.443235320507673
2000-07-23,8.376696258009243,-4.0504668792847704,-5.848569932531866,11.291338807113942
2000-07-24,7.759489924894033,-4.679320099685648,-6.864549399945474,10.56335537624712
2000-07-25,6.970156212011186,-5.292032435703044,-8.1875819066281,10.03405535918117
2000-07-26,6.843412617189812,-6.608768672332232,-8.177475850455235,10.167119197885317
2000-07-27,6.774659396047869,-8.31984791864345,-8.31017191657854,9.995870896582472
2000-07-28,7.388723153060342,-7.111063912946914,-8.615482696100786,10.596578279585046
2000-07-29,7.699774762197427,-7.780708751278322,-9.238206183037745,10.8333883965214
2000-07-30,6.7320097379552415,-9.317922849828095,-8.683173922799325,10.68543648631746
2000-07-31,6.885065431647928,-8.86951566861107,-8.33384700032166,11.17391102563222
2000-08-01,5.020183809437633,-7.082673119269824,-8.217265473454866,10.43411877351122
2000-08-02,4.8912970879963815,-7.858538243494693,-8.160834451499817,9.740340306314076
2000-08-03,4.127140727562922,-7.285159674506412,-8.743011839278674,8.37522313366467
2000-08-04,2.004333575820645,-7.161674494988807,-7.0390012918391625,8.794016673882004
2000-08-05,2.453355899920087,-6.280214819687012,-7.518946229422315,8.9948674096828
2000-08-06,2.089183245870181,-5.764680994469413,-7.2392203550237,8.394354592807248
2000-08-07,3.371666786727848,-6.251020898367007,-5.750306548623632,9.789574721243001
2000-08-08,3.0975873885243703,-5.611203349622659,-5.225237463282119,7.338877569933066
2000-08-09,4.047283087240053,-5.460134101539077,-4.988364834104465,6.090836746535203
2000-08-10,4.461398073960768,-4.914221100891097,-4.203779095654813,6.007513327960057
2000-08-11,3.367607614040634,-3.4226523274564764,-3.2437982793603046,5.558784637430319
2000-08-12,3.731913688890066,-3.921407747281939,-4.528902156524124,5.285794490819823
2000-08-13,4.974307582758328,-4.463242836909803,-5.137172834081921,4.421816495688175
2000-08-14,4.082599463636388,-3.19359118599443,-4.997651199555703,5.616489483356291
2000-08-15,3.524358888446958,-2.6887422768561486,-5.73495898849084,5.061583547258504
2000-08-16,4.403870655052335,-3.6636126245272855,-7.215315551116726,4.717205345220943
2000-08-17,3.6820100322861835,-3.110984511987706,-6.385227915770343,5.212203010953335
2000-08-18,4.92115339575791,-2.9039138275786907,-6.980748455388995,4.808538918753059
2000-08-19,4.440544858125356,-1.3493237045898197,-5.982982416951003,5.836947454137045
2000-08-20,4.999879882487273,-1.2901267844370021,-5.798819875924474,5.118748817704629
2000-08-21,4.108848980581966,-2.406524717987444,-6.992265875574913,3.7985577832883974
2000-08-22,2.8677187492936627,-0.7309545951721876,-6.766626389856271,4.242270429781111
2000-08-23,3.929986697264087,-1.3175110716471798,-6.688652452366219,1.8535575478605733
2000-08-24,3.723861360088087,-1.3311962111329236,-7.066463246810534,1.526345661684876
2000-08-25,4.168698894020085,-0.12055949851022518,-7.554563461454106,2.1950266046560283
2000-08-26,5.087250075829282,1.0580074966479822,-7.965371312313034,1.5408721289910032
2000-08-27,4.020684612577068,1.8519811211593686,-8.278006349413111,1.2602725221407187
2000-08-28,2.87220332997977,2.3020636325675836,-8.905304289117398,1.7553373567777961
2000-08-29,3.7127031542586897,1.4014158917770316,-6.99775754458568,1.207867098535286
2000-08-30,3.6468355220022093,0.19824517880626757,-7.391022986775168,1.8495848599601024
2000-08-31,3.3649128153212504,-0.5413849704089149,-8.777092312986747,0.49481935322920667
2000-09-01,1.933022413921835,-0.14224039151159673,-8.063214882791542,1.2789205253079872
2000-09-02,1.359227521885656,-0.18799634010347074,-8.495365986235239,1.09531302684182
2000-09-03,1.9467379036182986,-0.3226706862025366,-8.790191129936945,-0.9920740599326108
2000-09-04,1.2989283943356056,-0.8074973973707076,-10.294870915469138,-1.620762401582848
2000-09-05,2.215601823780848,-1.3111101288016975,-11.608779720941302,-1.5089440155249274
2000-09-06,3.1142143832001494,-1.8673342203074093,-10.10991531815277,-0.6804014665707081
2000-09-07,2.0879257381379057,-0.9075215991851218,-8.413830492130941,-0.30529374007606774
2000-09-08,0.9041342074779393,-1.2556405826847294,-7.878177933381438,-0.9036463624013329
2000-09-09,-0.6372922265239638,-1.4091605904314615,-7.343383654839308,-0.18750396337404585
2000-09-10,-1.1695473811572248,0.4918885134471864,-6.489403182293191,0.45535368236049745
2000-09-11,-0.7972258401310759,-0.31885542331358363,-6.70912220849432,1.424385973120717
2000-09-12,-1.4589658973189312,0.5768378713956632,-7.3990201998709955,1.8144637473757401
2000-09-13,-1.7959662551056323,0.6142156489652505,-6.659817632300637,2.7897271719154233
2000-09-14,-3.2812047077331066,0.49018814310367714,-7.014469159815171,1.091132317227998
2000-09-15,-5.861823694061519,1.6506209870852846,-7.046993551292176,0.6714482420466674
2000-09-16,-7.09646351686863,3.129443264722614,-4.782944246992317,-0.6910671659368215
2000-09-17,-8.0844386743623,2.9572805089771923,-5.215196038327159,-0.07592093116499088
2000-09-18,-8.543425225454428,3.3166793607421674,-4.35568845162483,-0.07310202058735803
2000-09-19,-9.877444522633635,3.868275462872266,-4.398983503029752,0.0415251875533829
2000-09-20,-10.893823455128171,5.0379065269524546,-3.5842094618478013,1.906556367271849
2000-09-21,-8.31899622063883,5.6025101046317864,-5.11808192823044,3.035366658492934
2000-09-22,-7.505566869398111,4.42383450528964,-5.057408004715476,3.1286450001566006
2000-09-23,-7.58159718152123,5.749700766608921,-4.8499811081583735,2.6659439282715933
2000-09-24,-8.418242221768711,4.206776961583918,-6.002014939454671,1.710940868984034
2000-09-25,-8.046997150797782,3.7731414426419123,-5.385564792420755,1.8039540740785436
2000-09-26,-6.611195981098074,3.002921405293601,-6.252877591843528,2.3852704359779553
2000-09-27,-7.351419054543991,5.5867171650476894,-4.437953983653581,4.298721314184814
2000-09-28,-4.892712128092121,4.99639459637338,-4.378909374361601,4.254290904707476
2000-09-29,-3.693947696423919,5.853522933460148,-3.3900449285537224,6.230703363035032
2000-09-30,-1.042784053096454,4.216896482805538,-4.345628162079843,6.68396805489317
2000-10-01,-0.11017542570655259,3.2015539932547212,-3.9288431395625922,8.045276108510864
2000-10-02,-0.9471076945229041,1.7982637595314452,-2.885517155545581,7.233344843250377
2000-10-03,-0.4785451482368586,3.139272476130917,-3.5253374139149294,7.653080758233912
2000-10-04,0.8185733049843702,3.1254101588220085,-4.568655796583954,9.731816475289765
2000-10-05,0.8868907414698061,3.8849071498975736,-4.362166819503749,10.094736704054444
2000-10-06,2.3703417014040253,3.81823924080887,-3.31310579799771,9.17057606270493
2000-10-07,4.288420752602489,4.259243069356988,-0.5536181346333802,8.484609202182313
2000-10-08,3.000079562679744,5.167340442714936,0.6058963022932975,7.650273706965898
2000-10-09,3.006179056869718,4.448096796236237,0.5509503845635607,7.36698348303104
2000-10-10,3.541107639157606,4.8454844886426685,0.7161367186610914,7.906251900515023
2000-10-11,5.173791625840396,3.57891300912432,0.6550018912259682,7.771039197276511
2000-10-12,4.342203236470882,3.588600232387286,0.928674883819095,7.94825703377666
2000-10-13,5.473853687886261,4.294925491226084,0.7370787898174274,5.658469378674111
2000-10-14,5.459260389200125,4.168982930657681,1.6002280853761572,7.047576332446195
2000-10-15,5.210255709466953,4.417247646467024,2.449790891026996,7.765116245954676
2000-10-16,4.6322004971264,4.872289818948056,1.9303761353388298,8.530730512064606
2000-10-17,4.696598235776273,6.03163109125533,2.579353129598249,8.234459522002389
2000-10-18,2.7927794342779775,4.105438431397348,3.0323571022329356,7.950297889631155
2000-10-19,2.652038327479722,5.464637346870913,3.3125550105867334,8.585478012301586
2000-10-20,2.880524913535675,5.254648280076124,3.128343539631013,8.471602720297762
2000-10-21,3.533071321726081,3.959361481873967,1.6322081542039013,7.765025110887243
2000-10-22,2.4860332699058407,3.7295350389016777,2.7425634680725013,7.364012984445523
2000-10-23,1.7700528749271989,4.156398554055537,2.4972520193937284,6.183602755388908
2000-10-24,3.5085993292904476,4.548926708450956,3.3150604483516624,5.893152996446842
2000-10-25,3.305445966028701,4.818086038949816,1.3781663474470915,5.226129041858438
2000-10-26,3.19677610685277,4.911171169327605,2.937202308548585,5.108532525253046
2000-10-27,3.9268272520026044,4.3233208535347,2.7270385707722946,5.905868365442526
2000-10-28,5.3867459252287695,4.057522518662634,2.7310575044496193,6.591087494015791
2000-10-29,5.273848492634675,3.5073081813856795,2.638039010907822,7.9012885856212955
2000-10-30,5.46516376900578,4.901326367160161,4.18123710549113,8.360923938988492
2000-10-31,6.439327691367404,5.7112084669770535,2.59225567402874,8.55195776800523
2000-11-01,6.617734279997378,5.996493944505524,2.490962138195203,8.455736367058428
2000-11-02,6.818620876158015,5.12281036388294,3.2625997262801465,8.955591414460528
2000-11-03,6.516910352647828,5.101053040276368,2.656546614560721,8.845657723843155
2000-11-04,7.711406901855269,7.480413982657745,2.7568001322768665,8.269486418837369
2000-11-05,7.922941886124625,7.554716443241677,3.25151117210589,7.304486699282737
2000-11-06,6.473735197788809,6.603838491187671,4.190017941627284,9.03817863665597
2000-11-07,6.853932534852164,5.989023951764971,4.761168381314221,8.433385438372529
2000-11-08,6.0699335215863925,7.401997274730791,7.85028887346752,9.763280493348466
2000-11-09,5.094410906359756,6.647089296664815,9.282061886364438,10.444155921628548
2000-11-10,5.940251846023403,6.742191315289017,10.473197704485989,10.078173207172158
2000-11-11,6.807371201992461,6.886256016701831,11.058990942054264,10.165746745680684
2000-11-12,6.718863247676708,5.357490479321287,9.16551659256336,9.70328745383358
2000-11-13,5.45464429571709,6.1159939032318045,8.77373214429526,10.014903134344069
2000-11-14,5.16261861400749,5.653556494370006,8.082289929069638,9.72603223847728
2000-11-15,5.279526485094155,4.869309047378284,7.207436435534347,9.849863071703146
2000-11-16,4.176838588790025,5.608789842093273,4.990762283582331,10.639064357965372
2000-11-17,3.8315776898436784,6.691372698917507,4.699349701178276,9.559262214906887
2000-11-18,3.4485864708133587,6.467525338675051,4.678313053985573,9.73549837443036
2000-11-19,4.307325261533754,7.240066640681067,4.178724154254284,10.294797304237072
2000-11-20,3.7012518493012156,5.1314881345698105,4.989060663502093,9.979700018217631
2000-11-21,4.228753496518322,5.376569221592041,4.943394361953096,8.718403827306899
2000-11-22,4.821533138782191,5.008100524425822,4.844300602868865,9.133088227327791
2000-11-23,5.432062873257377,3.8590543908998125,5.339980535264276,10.38545196829509
2000-11-24,5.804542653966238,2.93436388740079,6.891286065664661,10.99308759725716
2000-11-25,6.884867162424932,2.157836799640524,8.287655471936121,11.648979261145135
2000-11-26,7.815718229505948,1.635180693050013,9.103499583892178,11.551876131403423
2000-11-27,7.698985204985252,1.23637028596941,8.924757977059633,11.097429603220162
2000-11-28,8.019804678598947,1.7452257392231623,8.34126715169845,10.418130197879098
2000-11-29,9.004948980029873,2.729936680172557,7.197095040865305,10.589243450152804
2000-11-30,8.051238938629874,0.8630435694142105,9.3701762310866,9.841204916290165
2000-12-01,5.6769510546687645,0.6554187570167885,10.893801538861666,9.150257047613783
2000-12-02,5.145115699705212,0.28469268977412576,12.331851959286258,10.924184118022533
2000-12-03,6.7059883515705,-1.6336501184657217,12.686449763073979,11.240298423348957
2000-12-04,6.1624045804354655,-1.7957346359351654,12.425254846586704,10.563512381485195
2000-12-05,7.402987526246154,-1.2136302380630564,10.327651391066262,11.332425798378669
2000-12-06,8.1600806588608,-1.6823554116931008,10.307448265939044,11.38718723703162
2000-12-07,9.274617846072921,-0.8888870456299718,9.240867758076552,14.729717238199598
2000-12-08,9.47220419150561,-0.12320488951363273,9.86567207519866,15.240890545751327
2000-12-09,10.219057678761107,-0.1509366360558562,11.108565689813549,14.031716078323573
2000-12-10,11.543074062124191,-1.9413852054740361,11.528039391367878,15.239430254571412
2000-12-11,13.008872981023018,-1.335088769993197,11.445303312952541,16.450616311623
2000-12-12,12.728714342255573,-4.005074081443114,10.606217324778541,17.58158032786069
2000-12-13,14.686980295360549,-3.6888173268346485,10.004814655351872,18.557313513488694
2000-12-14,14.738139583943061,-2.5942371978893215,10.516698367340608,17.89839314007116
2000-12-15,13.880918446887167,-3.8066602515244705,10.27014220371912,15.93049679557227
2000-12-16,12.024685443860234,-3.7942528324368086,11.637280916303478,15.640362244257709
2000-12-17,11.03640407236061,-3.442385274403375,11.824248658352358,14.323452602413296
2000-12-18,12.353438904713295,-3.1513524817711787,12.057188481742482,16.55208831454827
2000-12-19,10.257728527648286,-3.522949749906508,11.713498653446784,15.311430413363968
2000-12-20,10.305709183930581,-3.236094165041995,12.105265703412607,14.795710463821983
2000-12-21,11.519286193582543,-4.153071606441825,11.13484158087591,15.142749326064518
2000-12-22,11.600616559628838,-4.703633759888939,12.196626183920294,16.093146128250133
2000-12-23,12.416192445737279,-4.03216118104899,14.324869601589237,17.682647293209403
2000-12-24,12.627405722454178,-3.655672392124624,13.583266111945843,18.832879159302934
2000-12-25,12.795176316602815,-4.442398999627985,11.918556919313888,19.69212749444794
2000-12-26,12.449826804267344,-4.00508430050567,12.613295971831956,19.076378692740477
2000-12-27,11.065088834451934,-3.4709006663244426,12.936731847669513,20.8084276801566
2000-12-28,11.963780195861593,-3.775640692138357,12.6335168759077,19.83770419952899
2000-12-29,13.195012260828912,-5.877974652918153,11.479504607199097,21.653670825821777
2000-12-30,12.468673243400922,-5.551959862799764,11.5301585634333,21.282880510445814
2000-12-31,14.144825761724867,-5.741328692853281,10.717494263305923,20.353106271293903
2001-01-01,15.293570523895843,-6.1158456138672985,12.643527307424122,21.867332524528834
2001-01-02,16.118856984839432,-6.482896550590476,13.801628573735938,22.10064870310978
2001-01-03,17.013268262938848,-5.4813084210166245,13.059366616205446,20.82346520507191
2001-01-04,17.62633534734972,-6.1056497251841195,12.100427498860157,21.293877294545982
2001-01-05,17.090339347798118,-5.370968620140712,12.34239744893723,21.285366138322104
2001-01-06,16.13201395994086,-4.906429777118034,13.452019188822991,21.34659279567526
2001-01-07,15.885889391561395,-4.735577228712479,14.155430586788732,20.757484399885517
2001-01-08,15.452730650756735,-3.8031335321050257,14.851804915626014,19.623984391317897
2001-01-09,15.255468216311693,-2.114135762359079,15.712341112136535,19.859900454555653
2001-01-10,14.622922841928826,-3.196107949035615,14.122518804934126,19.867839856950102
2001-01-11,15.757230969920755,-2.632856023685784,15.635415716979766,20.287744985533887
2001-01-12,15.565332029074058,-4.5946697941718435,16.887625410465482,18.9730601194819
2001-01-13,15.72247832024122,-2.911482842368404,16.061367595969536,18.237770210343935
2001-01-14,15.541075271010103,-2.6330041152718495,14.947677504758154,17.643021233137144
2001-01-15,16.85917357849118,-2.833423502222566,14.279762029362933,18.426674237806502
2001-01-16,16.50999030342012,-4.101866560805253,14.546032902895737,19.3419910616305
2001-01-17,17.34694647748583,-5.159877296687269,14.26995955187537,18.645403489494015
2001-01-18,17.82298135051759,-5.676907270917304,13.363083451769057,19.379598521180846
2001-01-19,19.55323209029247,-5.85919964396681,11.998602048699773,19.322373138566533
2001-01-20,19.23773182127914,-6.130794010798142,11.487390834192702,20.519792811768955
2001-01-21,18.235604430256494,-5.359097294575015,11.721465671400134,22.06988458159886
2001-01-22,17.873044139175427,-6.259609173872503,12.686836941773501,21.692359693909548
2001-01-23,19.040193964303267,-7.167266606611837,13.746426949873229,21.97679935654005
2001-01-24,17.217005272398687,-8.360310486785906,14.92997853017172,21.61114800850234
2001-01-25,18.822367017110633,-8.888575977775673,14.950079853242588,21.778352506023758
2001-01-26,18.175250743632432,-8.278867809675457,14.997009652983078,21.650231816603515
2001-01-27,17.86907612951505,-7.947560957950739,15.900258807782617,21.711166446517495
2001-01-28,17.098276838321883,-7.383861105617427,15.977869732399073,20.67859677506387
2001-01-29,15.374884328390408,-7.530907036353478,18.62031429348114,21.250598416645236
2001-01-30,15.920972057987946,-6.264241743820666,18.396891787899765,20.663126706440778
2001-01-31,15.180819795620229,-7.315058070087463,19.48760202420225,21.32210342701563
2001-02-01,15.109719860443724,-7.224250195946003,20.262533657597054,22.17069948373622
2001-02-02,14.691504489881016,-6.905119276001209,21.283365493333875,22.260856070610238
2001-02-03,16.012777104888386,-6.81883010609931,20.745145680350113,22.85230606502849
2001-02-04,14.748775782036736,-7.10467902991618,20.553040123640642,22.88900718016357
2001-02-05,16.84385130067488,-7.183785095681317,20.78662316595863,24.07499365890735
2001-02-06,16.70517128350451,-7.949391437678668,21.954593661084985,24.083440013884225
2001-02-07,17.20867922033157,-6.792680669496677,21.855976489718188,22.531095642208648
2001-02-08,15.918527368153667,-6.420857254428844,22.7295168670144,22.785394546650114
2001-02-09,15.807448658544207,-5.672034404193694,23.791277680360466,21.857490419115585
2001-02-10,16.4283365522271,-6.960314888245584,20.721106072571118,23.031955631470403
2001-02-11,17.64053819910948,-6.316238834279999,21.55242439831203,22.907898423505483
2001-02-12,17.17255674812106,-6.58563955511068,21.09733773575796,23.60720792596932
2001-02-13,18.76869670126665,-7.572850392487387,20.531193874991107,21.980152958526205
2001-02-14,18.3510050025674,-6.639251800483891,21.718969345917085,23.026614538295206
2001-02-15,18.11700557010101,-7.208763253856641,22.0687701295933,23.048380557262732
2001-02-16,17.98211466224545,-7.271059247830733,21.655264890763036,21.927629730519
2001-02-17,17.933331778905266,-6.714549746334266,22.043417119095928,22.436251580824745
2001-02-18,17.18697911439688,-5.835720123347675,22.194871247713408,22.939828726982686
2001-02-19,18.154115206998494,-6.65668741946541,20.51314900469282,23.521414774742542
2001-02-20,18.21547173852985,-5.358014167432262,22.940924261009247,22.903653386842954
2001-02-21,17.76839449508031,-5.645598333990821,22.851039158052526,22.79209391888636
2001-02-22,16.597010395535772,-6.5278810352971695,23.223495926918734,22.471406185992763
2001-02-23,16.361869274378137,-7.303522631449349,22.473598263054466,22.70515720688644
2001-02-24,16.379030942847834,-6.66543307346746,24.21639182547364,21.984629123743872
2001-02-25,14.838542380291862,-4.8750181493800016,24.51994455895109,22.011516678442298
2001-02-26,13.958377833328276,-3.5271647175494305,23.50582878735163,21.447929123315088
2001-02-27,13.753365028845794,-3.667099287889453,22.612753640802325,20.27909010618718
2001-02-28,14.009486385750506,-3.7881664231440717,22.51268407290795,21.51018680923585
2001-03-01,15.357107376594882,-4.149218411012511,23.864908707527036,22.023050295306422
2001-03-02,13.99997319206595,-4.959257643657876,23.99434602204529,23.23247906626664
2001-03-03,13.718008946098003,-4.541046677548882,24.727692002237305,24.948289935725878
2001-03-04,14.387749390694834,-5.741187329083509,24.654612868222877,21.973350590486135
2001-03-05,13.723027536487235,-3.889069275844486,23.220027424690848,22.435771610621817
2001-03-06,11.934131117947517,-2.667144114973328,23.798057793546192,21.485599795928465
2001-03-07,11.921677784255852,-2.6040923095608814,24.555144736841296,22.184184243039805
2001-03-08,11.669634744097054,-2.3480275311758527,26.710405958983458,22.316894639422365
2001-03-09,10.045660564951236,-2.9242487225707476,28.082820963513267,21.994091587477865
2001-03-10,11.058936452181463,-4.5581806981200526,25.980507580233322,21.383610768460834
2001-03-11,9.633740442711293,-2.25606195418169,27.70228364666487,21.03850868297119
2001-03-12,8.71391876362185,-2.7960850947899165,27.31327896825921,21.84282740248131
2001-03-13,8.10597970545566,-3.9636923428311457,26.454187270016007,20.313521172896866
2001-03-14,8.71738793728243,-4.190267906874868,25.49034830213403,21.441673427353464
2001-03-15,8.678440255964643,-4.113221903627573,23.87219246842268,20.74560075861108
2001-03-16,11.383902834676977,-2.8119480649868214,24.809540742534423,21.010392545668996
2001-03-17,11.06505000585974,-4.233232243474472,24.7076185454407,21.53884951385804
2001-03-18,11.407483691093795,-3.0257254554330766,24.61430603380699,21.83777066023821
2001-03-19,12.299508100075808,-5.402112026144023,25.645958050129945,22.570132296169675
2001-03-20,10.58249466547931,-7.392307549470068,23.99605430008595,22.602487626033348
2001-03-21,10.583964858169033,-8.448997118700335,24.494776813014067,23.440546399933023
2001-03-22,10.950684549116987,-8.048161561416993,23.33862921609133,21.072946355554414
2001-03-23,10.67578847338577,-8.799951949629099,22.21873773228043,20.41615820265558
2001-03-24,9.375738075390716,-7.255359848173403,21.038226146965023,21.802314161906352
2001-03-25,9.281956102291884,-7.696497867515952,20.012646088582226,21.241296173122446
2001-03-26,9.566180622054594,-6.239717045898449,20.117808586211453,20.604949904784696
2001-03-27,10.227925022281076,-7.79720582193695,17.852912628476467,19.626282120881136
2001-03-28,10.825130366630521,-5.731053038390284,17.210546361048106,18.25859363145193
2001-03-29,10.447762186690102,-6.128508999929201,17.033629183582935,18.32770620603738
2001-03-30,9.133345352439715,-6.536717024049851,16.882480585346038,19.49109264401671
2001-03-31,9.144220781271088,-7.887849193349655,16.421132364329708,17.670303481132503
2001-04-01,10.55662289198293,-9.012167211607018,16.087550660527423,19.498202740544222
2001-04-02,8.528351525692935,-9.000791987559726,16.82168848264505,19.455978355627174
2001-04-03,9.484571363102061,-9.885764916808442,16.6777210115643,17.957988406439586
2001-04-04,10.057431694365608,-9.454974973008557,16.10643189494666,19.71277330002322
2001-04-05,11.837480656050326,-11.194092446948094,14.539171014356127,19.955736089187038
2001-04-06,12.784703273704148,-11.500309017073514,16.192237731601626,18.75089980543346
2001-04-07,12.574193120415577,-10.738163639565737,17.500669395691496,19.798322310281417
2001-04-08,14.004561195785566,-10.07721890115638,17.812032756700393,20.420338172369796
2001-04-09,14.578575218014585,-10.38679530333108,16.519081617367785,19.72646873224731
2001-04-10,15.580829633594552,-10.701880423494416,15.718445545394802,19.29633837013427
2001-04-11,14.014782986624803,-12.348518890700662,16.02971235936029,18.78554947787301
2001-04-12,12.57730261223763,-13.593320216751207,14.642442876393053,18.573083077661863
2001-04-13,11.614235524751493,-12.937434242852744,13.711864480676793,20.36250450213983
2001-04-14,12.661511719913372,-13.419846322457184,14.109082211395075,20.643829972790805
2001-04-15,10.827412973758744,-12.628525819962716,14.461970476367894,21.438172325284235
2001-04-16,9.906704245639375,-13.215329119225174,13.38089895445762,21.976770958165385
2001-04-17,11.06551293800591,-13.25311610743315,13.090014530814905,21.022564114010287
2001-04-18,10.92455398435263,-13.068280450494491,14.01501823367869,22.195134260558117
2001-04-19,11.408356825063677,-13.691040650460437,14.469340060560093,21.636429506278223
2001-04-20,10.838253118903383,-12.104426998038418,13.692023534631332,21.25145112791243
2001-04-21,10.76792955927695,-12.732212352326052,14.479216259525193,21.44022790253061
2001-04-22,9.41964835891133,-9.776439301580675,15.972844128798538,22.880270201130013
2001-04-23,7.835013123998227,-9.453128029440064,15.208699970382883,22.64145560982195
2001-04-24,7.439537408947438,-8.658021884779416,15.073289975971484,21.894408009146954
2001-04-25,6.766974456281603,-9.422341216992674,14.656075846560196,23.540955214490197
2001-04-26,7.569406589166384,-10.493743067534473,16.74459436411758,24.07825192206951
2001-04-27,7.302152148134173,-11.251600395003981,16.78223141170322,24.271730882789598
2001-04-28,5.6563348329328464,-11.793061572241177,15.043544432189634,23.52501941496132
2001-04-29,6.350324753003952,-10.482763917540789,16.47399775090752,20.526516908709116
2001-04-30,6.917137688989184,-11.174697591797251,14.584988988646323,21.106032393216395
2001-05-01,8.149912091898457,-9.973335830346196,13.961147031667664,20.130474271127316
2001-05-02,7.459373492883348,-11.19552193543221,13.562333704603896,21.670030488912143
2001-05-03,6.866479647538825,-11.889796797293252,13.631476998134081,22.83700347178043
2001-05-04,6.981686200083149,-9.218742930808776,13.762402279271686,23.33686133650374
2001-05-05,7.454210258602175,-8.506907035960172,15.62630582156072,21.351629188877585
2001-05-06,5.3931045789783045,-9.329326344773794,15.866133908571847,22.305361553812062
2001-05-07,4.646495178263805,-10.980422829525894,15.690593250986263,22.336303286488356
2001-05-08,5.070013830301515,-10.99302694015444,16.699905965907224,22.089626451764452
2001-05-09,3.0125529217784153,-11.439383957026614,16.103313793075323,22.254287245142756
2001-05-10,4.353714290011716,-11.678479380282845,15.836827523940917,22.300009664906863
2001-05-11,3.6534925632479562,-9.161923933464177,16.36966124427717,22.524304382161667
2001-05-12,3.740769824336846,-8.918281659173452,16.137870500004684,23.90268773888962
2001-05-13,4.530605632457664,-8.15344736038124,14.348513891486906,24.225120442897083
2001-05-14,3.7104227811068036,-8.9867702784537,15.056333554834945,24.893872551086236
2001-05-15,2.75056779970059,-10.497153753844302,14.592656738288847,25.155687964120872
2001-05-16,2.4680902111819627,-10.04657733652503,16.835068016513418,25.38341154299788
2001-05-17,2.0212869023282662,-9.624057836935336,17.278787778769328,26.04978673103849
2001-05-18,2.0319844141663874,-10.290244192085185,18.106956296532996,27.103583277070687
2001-05-19,0.9276438837452095,-9.989386081958305,18.46888179895553,27.34992071357801
2001-05-20,-0.01919785913945926,-9.364456318247303,17.30154515501083,28.410680526652477
2001-05-21,0.4708117984137062,-10.09913181653463,15.977384737253583,27.815765362069573
2001-05-22,1.7974355711010814,-10.32685070819435,17.140153066783864,26.632652564864667
2001-05-23,1.1594172911432126,-10.939485196390729,15.891364613263663,27.584762566636808
2001-05-24,2.989141720479672,-12.696705348477666,16.06145539895858,27.494813051799657
2001-05-25,3.2398536779834664,-10.639486311485193,16.046274296116177,26.269074439132797
2001-05-26,2.6028606872544833,-10.065771587100919,15.663585641299287,27.923046504265354
2001-05-27,2.092254703900821,-8.991963835641126,16.735030748697433,27.988635024237116
2001-05-28,0.25119586979182085,-9.359258609544144,16.333956271399053,27.23148642877826
2001-05-29,0.21096439421794727,-9.014305768917586,16.916497112945944,26.564638545575114
2001-05-30,2.0452867300934523,-8.98135440407724,16.825601228056318,25.492781646448375
2001-05-31,-0.15097313060643947,-8.200914463370502,17.353017676650584,25.173559856160878
2001-06-01,0.7082555770295936,-6.6227551951987,17.68544831893128,23.389047162641578
2001-06-02,0.5803023695944117,-6.887778168504131,16.33889394039357,22.774379677982346
2001-06-03,0.822615706023923,-7.689705573099271,16.960560550432437,22.780324502084465
2001-06-04,2.251224030290434,-7.506840125530557,17.565411685462365,22.377991853934972
2001-06-05,1.73441117682384,-6.047457587244164,16.378033015834177,22.448018270222438
2001-06-06,3.3831915938961457,-5.508617146360355,15.841929041285633,21.98765696639188
2001-06-07,2.186054468900145,-5.188033279309,16.86503462647424,21.1094102193421
2001-06-08,2.513440569142727,-5.9769676393234485,17.110640104857367,20.73274600798085
2001-06-09,2.8622800547987572,-7.419678249973371,16.92717669088682,19.578658929344574
2001-06-10,4.156018873885227,-8.561070683257114,16.17491934410301,21.130743954708205
2001-06-11,3.256997469649352,-11.157320408852506,16.132182122390525,19.107233540234763
2001-06-12,3.17898593634993,-11.998733736091914,16.39518995477019,21.908724757305293
2001-06-13,2.6401174307382997,-12.318982804949737,14.36601233821515,21.195662250038485
2001-06-14,2.2092600839913854,-13.224087461160348,15.372654427777857,22.085101995852
2001-06-15,1.789143574884311,-13.167324900111558,13.898084626530903,22.477039996948225
2001-06-16,1.7457753159946998,-13.659956282243858,12.604948834960076,23.464636496127326
2001-06-17,2.2714629211109334,-14.510862159398396,11.50935592086565,23.82233488613965
2001-06-18,2.7188949776946782,-14.329556484974974,11.188494547009414,23.34128138895303
2001-06-19,2.167197374347177,-12.41532532287687,10.87716210940572,23.1276091607511
2001-06-20,2.448205434102799,-12.32736051737449,10.594885523224182,24.155048284852917
2001-06-21,-0.5508979541361305,-14.403773166685143,10.00045446551204,24.383061794924004
2001-06-22,0.254071585180929,-14.552782696451201,9.438569557810757,24.599686477909227
2001-06-23,0.5287926851644453,-15.43604493971171,7.921053182433219,26.510323988533926
2001-06-24,-0.4956438977336639,-15.355984724014286,8.291517331964453,26.763093278668354
2001-06-25,-0.39307440246290504,-14.684519688496486,10.13913550112897,27.846304377477946
2001-06-26,0.6842011500731066,-15.849061728018143,10.574344801001326,27.478458441851494
2001-06-27,-0.2640749811933888,-15.288001962276264,10.946071467454198,28.248733836328494
2001-06-28,-0.7064833989712499,-15.781171493902805,10.337254802651973,26.626333866319225
2001-06-29,-0.5526328227311985,-14.218981128354534,11.147600274544075,26.08399391244129
2001-06-30,-1.2102285445119836,-14.2926810120204,10.199361943732631,26.933712032040138
2001-07-01,-1.181904693203354,-14.104573515390753,7.904134548623164,27.323554038933
2001-07-02,0.27932700419027157,-12.11699242352419,9.297202697337665,27.582578399069494
2001-07-03,0.7530342679442911,-12.248327568914208,7.859086132625325,29.630926699010278
2001-07-04,-1.7843730654836074,-12.250890633315478,9.276634353754485,28.80829402091543
2001-07-05,-2.771751874207195,-12.91483252119138,10.249684812864087,28.848420601337637
2001-07-06,-2.9516428704120052,-14.411180016521191,9.306133413476491,28.39695637773876
2001-07-07,-4.277924398205642,-15.380586841416447,8.18404271012939,27.09596274442348
2001-07-08,-3.159847481702378,-14.063491633663542,7.39049320571023,28.44181185094217
2001-07-09,-3.6060480252213853,-13.17146230027246,4.147026974948464,27.74694177344114
2001-07-10,-4.398760426423786,-12.574502865424806,3.7311914744627246,27.851321148808147
2001-07-11,-4.41339377203476,-13.987601941812443,3.550011796635332,26.073083171173064
2001-07-12,-3.509366952547321,-13.964080955305347,3.604780443998532,26.415836954005755
2001-07-13,-3.4778389743695954,-12.745764732022884,4.267087484608043,26.901692830084734
2001-07-14,-4.212690278355424,-14.018422369254305,3.3912148920436533,26.294101053413694
2001-07-15,-4.607908690567895,-14.622564913350132,4.485724465667355,26.67569818962603
2001-07-16,-5.307951806966146,-16.17052388240917,4.95349322447772,26.14966207684335
2001-07-17,-4.683471712675208,-17.150129518847873,7.923851890394262,26.966581499172953
2001-07-18,-4.026121268847425,-16.25549548633853,8.69554372099227,26.41676112699542
2001-07-19,-2.875637275750865,-16.5347275833705,8.082300414710954,25.389586984459847
2001-07-20,-3.4057016713597448,-15.971716408723735,6.933904413982842,27.308107892481615
2001-07-21,-2.8638355141857303,-15.80298991122162,7.102111149965944,27.738321171698484
2001-07-22,-1.439553311650683,-15.567488211554068,7.478897889266378,27.86810650506614
2001-07-23,-0.4026808257929324,-17.58472109221594,6.614426791338278,25.623551311085613
2001-07-24,0.04131631134034336,-16.226027003320322,5.756934619766971,24.952117688923984
2001-07-25,-0.24061520640246375,-16.761152644895954,5.3242971342301155,26.122136817142298
2001-07-26,-1.19633359593042,-17.52587132342671,5.748225962794731,26.534621833755175
2001-07-27,-0.6235903794478865,-18.996340241379098,5.609816391310611,28.15610800642241
2001-07-28,0.34201319087384263,-19.338616981574393,4.809966432006598,28.640525235202794
2001-07-29,0.20150023925148486,-20.478395402801155,3.5064060785536397,28.50851029536778
2001-07-30,-0.9580533988108704,-19.55053889279028,1.985246951688335,31.694721374122647
2001-07-31,0.9434605654816999,-21.037198026275913,1.7433797472506234,30.951906964446426
2001-08-01,1.9678926556315004,-21.857272331253743,2.876450947065133,30.992030825694652
2001-08-02,2.2031843086977405,-21.261744570750015,3.147710730817219,33.35306232496148
2001-08-03,-0.4588871030248196,-20.819178289348173,5.580552379883518,34.20449389706977
2001-08-04,-1.3497132483640786,-22.246373487980904,3.1207361117898675,34.38916598549177
2001-08-05,0.5151741394737475,-21.787007403011003,2.7973506251477005,33.281038327439276
2001-08-06,0.7965661775459449,-21.394845499917434,2.365839755344906,33.958938619165984
2001-08-07,0.05665741447150119,-23.472509341408177,1.2044544591146236,32.10421594656269
2001-08-08,-0.6103826234155941,-24.59208369499735,-0.879684744071896,32.431393363578145
2001-08-09,-1.6238722818508187,-22.679820592325342,-1.4186180787163634,31.796445855064764
2001-08-10,-1.2837603004581677,-22.901171310297954,-2.148425562993014,33.309712420943335
2001-08-11,-1.2573141397508591,-22.504531830476083,-4.068439513729373,33.838571201089366
2001-08-12,-0.866326840147644,-22.36801707762852,-3.1367052270879214,32.65407679182784
2001-08-13,-0.6548151321225499,-21.277363406499383,-1.9245469093274206,33.442943454345375
2001-08-14,-1.2834199509830726,-21.699377008204465,-2.794176953642658,33.390236320270375
2001-08-15,-2.2395520740253243,-21.709941164205034,-1.7417842246954252,31.48465755749209
2001-08-16,-1.2656915691958668,-21.237078609598374,0.5729106589379975,30.2185026416823
2001-08-17,-1.5800624394199843,-22.005794708843922,0.9657308882222856,28.429881387662718
2001-08-18,-0.5676173391850126,-22.577124035120264,2.109222193440478,28.497870777798067
2001-08-19,-1.9397364134331536,-21.054101417134728,3.56715725516597,27.461778883233997
2001-08-20,-2.373687928166517,-18.504570401477473,3.1641371896519606,27.795780129076185
2001-08-21,-1.317851216229677,-18.754548307315257,3.080362084898331,30.810245502500443
2001-08-22,-1.7318167081299856,-17.157951822239806,4.233632401499065,29.46424461303399
2001-08-23,-1.6495007212480393,-15.805474161459637,4.310957024968138,29.622474457335507
2001-08-24,-1.9113545447345106,-16.145016333156864,2.190682807058421,30.57169953029751
2001-08-25,-1.1658382421770521,-17.750414233723077,2.3485512330540694,30.445989209930932
2001-08-26,-0.6586391486643848,-17.91031072229061,1.857351833891748,31.514983028366245
2001-08-27,0.1926743771130014,-18.859435998085882,1.3114600653020105,31.504082788645526
2001-08-28,-0.6394725644098129,-18.235860508489516,2.079478708751723,31.016324721350802
2001-08-29,-2.087776369601805,-19.406110227122596,3.3720696098722307,30.344030662647693
2001-08-30,-2.558059726446256,-18.13389755417385,3.361344923674109,30.76526581399603
2001-08-31,-3.3350954525453957,-17.86346538685194,5.000562353182022,28.95159734254996
2001-09-01,-2.06968990747012,-16.971525782248623,3.414226063976294,29.305189594343265
2001-09-02,-1.813522847304698,-16.251550884890207,2.934767768195936,28.42181398981257
2001-09-03,-2.6899344757905537,-17.929360969918463,1.0864843517233709,28.84243736277311
2001-09-04,-2.090377880996906,-20.03313776115198,1.3914040696620935,30.22131875050581
2001-09-05,-2.8033074412531374,-20.3864932366127,0.8915364041060374,31.019776760469835
2001-09-06,-2.020059887371653,-17.88562705416215,-1.0362782272639601,31.359284338517615
2001-09-07,-1.2247759563347391,-18.488007197367715,-0.7726717426790478,31.97608959791444
2001-09-08,-1.425839189498363,-18.4303199813246,0.1270180165814475,32.78776569967601
2001-09-09,-2.796669411968842,-15.903426450819229,0.6155009209077991,31.922240041512065
2001-09-10,-1.978139698960361,-15.954088175458114,-1.0413728462292569,31.729174321557178
2001-09-11,-3.311998526522922,-15.992409268566641,-0.7747783506389174,31.61161101764576
2001-09-12,-4.416848458665428,-15.550779681633337,-0.3163293294294754,31.022652759217948
2001-09-13,-4.079515528382882,-15.021674365923475,-1.7373441006081338,32.963086553569745
2001-09-14,-4.230113224172886,-15.686587684719163,-1.0004973648301498,33.993273457510085
2001-09-15,-5.399133000148705,-14.86300359665339,1.1670335357832662,35.08549811349838
2001-09-16,-4.324602076302794,-14.605085700726455,1.2041561175724464,36.35230026408831
2001-09-17,-4.252420318746817,-15.886113499075549,0.6876380330888482,36.45457799767075
2001-09-18,-3.478412291781795,-17.524991838070026,2.0287755831213534,34.68843633492869
2001-09-19,-3.4054830414732526,-16.60534704652898,3.524840528412094,34.96252998394121
2001-09-20,-3.5683437114390624,-16.462153182453726,5.379243548647541,34.89803409318789
2001-09-21,-4.861645564534982,-16.538616362122934,7.388602920395504,34.68837498289434
2001-09-22,-5.716613174582603,-15.808664627200152,7.923207407072837,35.73355292549333
2001-09-23,-4.629954115781062,-17.62220359640149,6.702461368764659,37.17959499676286
2001-09-24,-5.696416885763206,-17.753516357814373,6.213903403226868,36.93527846431042
2001-09-25,-6.066168286676819,-16.260567857462426,7.064110635729376,36.23461260444739
2001-09-26,-8.685391910728491,-15.320847938306066,7.728381077526551,35.12832655249321
2001-09-27,-8.60176123836189,-16.00839976254563,8.187324919272545,35.995373100711014
2001-09-28,-9.205049028680326,-16.21580264885571,6.967206570721501,35.73191444780608
2001-09-29,-9.808855994033882,-17.091159138606816,7.191640939061786,35.88028649976342
2001-09-30,-10.988015427445365,-18.582496477105952,5.676885604918461,35.97356977400109
2001-10-01,-10.176686731077012,-19.770135197297463,6.9231744918950096,34.81127434728016
2001-10-02,-9.651323105747903,-19.011541391073816,8.220511999596454,34.90099832580913
2001-10-03,-8.410819666055037,-17.903818151795303,7.348382039571557,34.320099122874645
2001-10-04,-8.323723219056301,-17.507168810207112,7.130382788816854,36.088481688741396
2001-10-05,-8.519862028234428,-17.29198466308223,8.24567090714663,36.00035242333889
2001-10-06,-7.461530230100676,-17.940976340477896,6.243680331650235,36.71458103469633
2001-10-07,-8.359662891708268,-18.090295645723398,6.513397022838717,38.022329937701606
2001-10-08,-7.638547522106343,-20.07186169688174,5.631103171522656,40.02426218069303
2001-10-09,-7.686450604219716,-20.28910792607854,5.555845132881405,38.17229556944116
2001-10-10,-7.434567145086854,-19.898019073262642,4.631165977735735,37.0290582951466
2001-10-11,-7.84581904598831,-18.779510753229836,4.049027306690702,36.8928456554171
2001-10-12,-9.075578844657478,-19.2132784013244,4.70892372205792,36.84934102838383
2001-10-13,-8.90945551077727,-19.147866181372805,4.419933151451199,37.7161415051471
2001-10-14,-8.483222056520285,-18.748054727677452,6.0899593429146615,38.56622621534658
2001-10-15,-7.354621507887486,-18.833349125196357,5.909074633959264,39.2637180766561
2001-10-16,-8.285932961974716,-18.84878820752572,5.427048182154914,37.711429721599714
2001-10-17,-7.6261695982463555,-18.270333678885514,5.113921889483275,38.446247049043265
2001-10-18,-8.610919950450896,-19.679305084673217,4.852051973131351,38.17263848695095
2001-10-19,-8.704513665326232,-20.9868795748323,6.783620131217787,38.08438480169557
2001-10-20,-8.529656083934945,-20.482942809714306,6.319138492210017,38.35073563797317
2001-10-21,-8.852470105398613,-19.405002738213433,6.385504433702121,38.327319680401445
2001-10-22,-8.347233747284655,-20.015992775613764,4.663793152417781,38.501935392544475
2001-10-23,-6.686598116489958,-20.253020098796107,4.304564388943572,38.62226382659118
2001-10-24,-6.403028676649915,-20.273242335529563,4.475161611296211,38.007715254867826
2001-10-25,-8.84327111973175,-20.198779892140692,4.176369789414392,37.79414163348049
2001-10-26,-5.7214105013314995,-21.139560103193375,4.8651170212896835,37.66686319824728
2001-10-27,-5.79467233495042,-21.9517451488292,4.2924731564166185,39.127358769309026
2001-10-28,-4.337193383956749,-21.0245904531136,4.421817478373329,40.39672105049159
2001-10-29,-5.586834596050249,-20.851657506814593,4.318779574535334,40.27069963745911
2001-10-30,-5.3568179097494975,-21.521000057013698,4.375211219924685,39.331790987381154
2001-10-31,-5.363940418313479,-21.957208507498997,2.995160108847305,38.16574238768853
2001-11-01,-5.072138042238821,-21.285395839989448,3.761475556645645,39.63983747800289
2001-11-02,-4.5220906986726535,-22.05273506612571,3.9439382218383785,42.287550456163196
2001-11-03,-4.367270548189174,-23.24320593008166,5.185381119096101,40.451875354004486
2001-11-04,-5.001028212630153,-23.47969386182841,5.294562503575239,42.053868694838314
2001-11-05,-5.219099786488544,-21.711580509232327,5.51737644288969,41.471019586241546
2001-11-06,-4.890645806421358,-21.9875534915349,5.235154690905941,40.31941039039712
2001-11-07,-5.471950615715717,-20.95734439309482,4.797470488604738,40.43638514433522
2001-11-08,-6.684829757364773,-21.987533263130317,5.91524789541151,42.48461053403874
2001-11-09,-6.862160049020261,-23.88108931299129,4.925926426066352,40.74046493415464
2001-11-10,-6.232100498039544,-24.53586621098759,3.8332710086553012,39.12143964281229
2001-11-11,-5.907766203302455,-25.547267446391455,3.7267771675028594,39.21933979762932
2001-11-12,-6.05673848243482,-26.877320192225792,4.607596466277653,37.875392354297716
2001-11-13,-4.832652666902986,-27.325700512925227,2.3450791657340075,37.2911770161318
2001-11-14,-3.880301752422427,-28.062364671762012,4.128304925770843,36.55993735358659
2001-11-15,-4.1379826120164385,-29.736135581761268,5.154308394571315,35.63295734018238
2001-11-16,-4.598959778241438,-27.833849263652333,4.538969195927619,35.67050739873941
2001-11-17,-4.865386665315851,-28.034102160703288,4.712857567895089,37.14977089482762
2001-11-18,-4.613594367186454,-29.245551162187205,3.9970962961591847,37.896678429960964
2001-11-19,-5.746634324397008,-30.068487246029058,2.9380010397700405,37.56433855459928
2001-11-20,-5.509290694432979,-27.680484794050965,1.6951256118407925,36.79920063723486
2001-11-21,-5.933066365162972,-26.69912455402871,1.1539971661219295,36.71451614230735
2001-11-22,-5.158927167618469,-25.469993482467654,1.6032522791422599,35.9388707780475
2001-11-23,-6.1267757740194,-25.83536042874323,1.2349460556207714,34.50111291898071
2001-11-24,-7.295270321043985,-25.305524684876396,1.9085837638306993,34.77335738797244
2001-11-25,-7.910860564855513,-24.774537298168777,3.123318779585789,35.303743005425815
2001-11-26,-7.376318572971579,-24.801601821520322,2.487727003761257,35.32688202694566
2001-11-27,-4.97595204172676,-24.164876023027006,2.643490368120803,33.691768085108436
2001-11-28,-3.2570201920392066,-24.417334618360073,3.0763603285313366,32.094777286337866
2001-11-29,-1.9014993594606564,-26.617456355895094,3.521447053924067,32.08246042435642
2001-11-30,-1.1980651940952542,-28.02083289041572,3.593231751050366,31.230754093234005
2001-12-01,-2.932479032540798,-28.091984692695696,3.394618352420665,29.606541287754013
2001-12-02,-1.681231846542536,-27.694684389759225,4.04029999527254,31.13621979132271
2001-12-03,-3.375798714038467,-26.230944118690292,4.888010251036859,31.243474161213907
2001-12-04,-3.420513496078474,-25.63547011535974,5.155154264450742,29.549980663560945
2001-12-05,-2.73598614022999,-23.83570452321441,6.718608017893381,30.285666205036094
2001-12-06,-2.2237637783214823,-25.640100521490034,7.19934347624563,29.413063239730622
2001-12-07,-1.1202979525647163,-25.532723016413847,7.149443801797772,28.515909559904827
2001-12-08,-2.3367832867021736,-24.960545062612578,4.678660171882813,28.235358584932804
2001-12-09,-1.6772571649208974,-25.469070719502973,3.174002215700912,26.608744177999093
2001-12-10,-2.502528360045994,-27.569693956367665,2.979486934683375,25.24029489420625
2001-12-11,-2.8377288859278345,-27.227965399829678,2.5389571407655467,25.525051753579962
2001-12-12,-2.548869989871482,-28.36995077182596,3.516697122302003,25.299467294136686
2001-12-13,-2.496455349425742,-27.31712993708964,2.4047567185361616,25.679689398941438
2001-12-14,-3.59819206872963,-26.472215301632332,2.43411188218105,23.78825504749823
2001-12-15,-3.3731457240155582,-26.915907437078157,2.4317083979140666,24.03732045798263
2001-12-16,-2.555934646825585,-26.93365128597844,3.557050330736022,25.40756747432875
2001-12-17,-2.0613777753194054,-26.021642908820287,4.604187164506029,25.21523700242843
2001-12-18,-2.3274400163874307,-25.04708793361834,3.4720363060543757,24.51936555826212
2001-12-19,-3.5864232822073396,-25.7016924865282,3.6890950148435926,24.09929894548516
2001-12-20,-2.8313444231530585,-25.14434584429489,3.4738218814857964,24.42730416748446
2001-12-21,-3.1998608422045476,-28.222685370815405,2.914872524691889,23.51728763746776
2001-12-22,-4.071145931885787,-29.025809839795684,3.0910536272769122,21.866594750661346
2001-12-23,-5.029433902283948,-30.089026118135244,3.825050191759055,22.667239355753246
2001-12-24,-6.547574436767757,-30.72122634100017,4.246622382160743,21.828683955365005
2001-12-25,-7.5348548406761,-30.19257548867025,4.724831043893536,21.46887382494267
2001-12-26,-6.4635654297480745,-28.087837007550775,4.387609756357323,23.080562746774238
2001-12-27,-5.456455305329879,-25.649777363623343,5.560610470654817,23.113562768583968
2001-12-28,-4.51103801644269,-27.125229471149307,4.814699521328532,21.473024675165234
2001-12-29,-5.310013868785649,-26.02061576054255,5.5296561264017345,20.75714231247097
2001-12-30,-5.477135850223575,-25.41390547515577,6.8360602038008835,20.009529773052144
2001-12-31,-6.338199136096152,-26.305395145131133,5.302844782375098,21.743977389895296
2002-01-01,-6.078807244045975,-24.64236306930306,4.38282375869193,19.54399689652251
2002-01-02,-4.670009398657336,-24.250929863300257,4.533605456720237,19.47151312593416
2002-01-03,-3.423354592541145,-23.818383029604735,4.159347739000976,19.897758875806442
2002-01-04,-4.543137154683705,-24.846811721696284,3.8032234540652405,20.135628312950107
2002-01-05,-4.06411615472312,-24.818461038421276,4.936138320616824,21.55239939873506
2002-01-06,-2.8253234755882333,-25.904554211000182,6.55609640253214,20.308970351866282
2002-01-07,-2.699261188353428,-26.566948066371832,4.952298734563571,19.50282057105136
2002-01-08,-3.4356179588346967,-26.865547014939914,3.4790535474448285,18.62473463358688
2002-01-09,-3.0244947181191195,-26.666788512467576,4.898404757969088,18.170758703260958
2002-01-10,-3.758966520185565,-25.890789127759987,4.595053661347437,16.54222569478069
2002-01-11,-4.755173239162235,-24.077035919418208,3.3462515071333163,17.55368153723661
2002-01-12,-2.9870717723819595,-25.49355786920392,4.874471323131484,18.40357484084236
2002-01-13,-2.6083054501389196,-22.71735636561928,3.404514841986865,18.735627446030115
2002-01-14,-2.3107720406582732,-23.879143928893388,4.0484932665203,16.900219778265953
2002-01-15,-1.9454695240268913,-23.795398093771286,4.510862669889197,15.964448663340885
2002-01-16,-2.7011481696286537,-24.953879153956976,3.5214368225740165,15.976704552729682
2002-01-17,-2.6921737296384567,-24.82442758567678,4.721467004481079,14.158893116109867
2002-01-18,-1.5091802280334652,-24.30357088008991,4.156886132765664,13.400490260501941
2002-01-19,-0.7001908410426398,-24.88357040818332,3.5801196042427677,11.624130906685311
2002-01-20,-1.3053021064157986,-24.68454187028595,4.080119717959333,12.301157196584096
2002-01-21,-2.099863257182962,-23.841678199566537,5.475759321500321,12.499793654731063
2002-01-22,-1.5785308335048085,-23.72757353652064,5.768136383286482,11.615777220421927
2002-01-23,-0.2854373485317312,-23.705585689344375,7.936419544920396,11.126391760633709
2002-01-24,-1.3049483927850507,-22.367836880526244,8.65759044352984,11.369179388645096
2002-01-25,-0.1386423377564585,-22.31980943084234,9.186363441539022,10.848351468580047
2002-01-26,-1.1570266556113953,-22.384779856181783,9.259386494992594,10.932679214570928
2002-01-27,-1.5529891866934662,-21.900344141084314,9.859659064828161,11.89775698584085
2002-01-28,-1.5960459434663758,-21.086122984809077,8.77742827395774,10.863155508064573
2002-01-29,-1.3808819803081867,-23.728635175353844,12.139659173782608,11.560763283985372
2002-01-30,-0.5969790557160279,-24.127329746280626,12.098125229772851,10.713265340007903
2002-01-31,-1.1436354330568355,-23.5783122271295,12.74203668787556,10.281409875147352
2002-02-01,-3.550248996891694,-23.58049541824137,13.06792913709423,10.50724948873187
2002-02-02,-3.448512951502502,-23.64777742034797,12.409318127729051,10.83298151606613
2002-02-03,-3.3367685578584347,-25.43187854164156,12.268706425336077,10.668723488783712
2002-02-04,-5.791741003098728,-26.45712393278473,12.189318496498576,11.834770241792272
2002-02-05,-6.477731913476419,-27.17885842755518,11.405627677566716,11.958766420356554
2002-02-06,-4.348544418493758,-26.527656598749,11.844738583848853,11.353518786471861
2002-02-07,-2.696763579139555,-28.605327082567754,12.820784897869245,11.21327718378693
2002-02-08,-3.6681214356664844,-28.197335610166046,14.518408898617938,11.869325986423322
2002-02-09,-3.2352804048733708,-27.939505698834186,13.9694161773336,11.138875806684478
2002-02-10,-2.547608001377128,-26.895444303544913,14.13360605963628,11.094931410688535
2002-02-11,-1.2593593655455186,-26.766994474548557,13.67305168435413,11.826789823770277
2002-02-12,-2.1262395925804176,-26.646547476395032,13.542893113583236,10.28195765698647
2002-02-13,-1.1799083188401203,-27.554967784091026,12.922878148464708,8.23538769950655
2002-02-14,-3.53039178812566,-26.65886527801626,13.439275080125926,8.40558187908547
2002-02-15,-4.234678583351298,-26.512120028352232,13.898826556839957,8.043693708470123
2002-02-16,-4.387548580728454,-25.469724732140836,13.975468240103961,6.483480460797148
2002-02-17,-3.4141476482696524,-24.5623686291779,12.811281840986414,5.937103409985811
2002-02-18,-2.744121554439479,-25.117178949579507,13.856661682188042,4.987344179235971
2002-02-19,-2.494916054439626,-26.694720853811283,14.54842947888175,5.66591589161699
2002-02-20,-2.3442819941482957,-26.556588304197778,13.701939324671823,5.466627332067324
2002-02-21,-2.9996424036272518,-27.785495028633505,14.93926244783355,4.63108765876314
2002-02-22,-3.506560551264608,-27.81624706516113,15.691353437441597,3.7970187510566538
2002-02-23,-3.8646609888413126,-28.652753744213985,14.645699765235344,3.626322667861113
2002-02-24,-3.1267073710116655,-30.538569306923073,14.278735477956738,1.7211367764319654
2002-02-25,-1.335624748491554,-30.877115214074326,13.525790018861429,1.1371175615654763
2002-02-26,-0.4441296156085809,-31.949747546109073,15.973922068074057,0.6353405659657779
2002-02-27,-0.16280429791954626,-31.992949505813744,16.90381247445095,-0.24944135886284324
2002-02-28,-0.47376375508599977,-32.07022265324017,16.041105137560546,1.2903492360006203
2002-03-01,-1.2199148241874953,-31.363848074896847,15.625153226967733,-0.21110836793340737
2002-03-02,-1.8335426514491169,-32.97873706189102,16.115853831405573,0.578166928465037
2002-03-03,-1.184530168732961,-33.72080737260398,17.63828111334521,0.8679253130209426
2002-03-04,-2.0698308780061856,-33.506365152366406,19.21417463457214,0.06844892787837686
2002-03-05,-1.8945799894304498,-32.70167722812386,19.788724905140196,-0.09376403930548474
2002-03-06,-0.8344458033558608,-30.36479325727799,21.311144640834648,0.7607466643599096
2002-03-07,-0.49454351649547934,-32.030400154550144,21.291985886847748,1.2642316682320915
2002-03-08,-0.1646104964160398,-33.22646428730472,19.325693304318605,0.7849386898419137
2002-03-09,0.1189888119923706,-31.14181323086292,19.767344635583324,1.074288871647693
2002-03-10,0.1249819407155128,-30.79975397726185,20.142305837500963,1.2543510750057565
2002-03-11,-0.982569800782654,-30.478752097094336,21.066868758963913,1.6645126602057871
2002-03-12,-0.1277050875875213,-31.854286622539856,21.06532707738817,1.9444964448792044
2002-03-13,0.555704340775033,-32.05218701409767,19.378901493994753,-0.5964713965864779
2002-03-14,3.0326708559873423,-32.97586533402621,17.855553271629354,-0.8575219778606462
2002-03-15,4.575097108886616,-33.792266220950616,18.062459491284564,-3.5072586133933568
2002-03-16,4.69328570311489,-33.01221461482629,19.313015386444622,-2.0893618306285626
2002-03-17,3.979946406637202,-33.812926698066036,21.016851754191674,-2.427497479824022
2002-03-18,4.747608906111325,-35.5124049601724,22.45572914101752,-3.705477571170985
2002-03-19,3.8559397408340383,-33.91917804035099,20.926181255362543,-3.694374089334513
2002-03-20,2.521526298195806,-34.63675742418969,22.262439409005026,-4.183846878264399
2002-03-21,3.966774428572438,-35.28044571586694,24.409430540750822,-5.549973823933213
2002-03-22,3.6984174286329985,-35.29446811373155,24.91733163690702,-6.093158068792568
2002-03-23,3.453305220286752,-36.82601188680249,25.546148809298245,-5.385070764441461
2002-03-24,2.529262613951582,-36.611696988903134,27.7821985708446,-3.5743108021318872
2002-03-25,2.419315121959774,-35.74934945790325,27.35443009018297,-5.142840518730113
2002-03-26,1.5762314683637002,-36.961006578209265,26.89989831244213,-7.498211165127518
2002-03-27,3.5309326753905173,-37.1804720881504,26.689553922855854,-8.73063732341752
2002-03-28,2.9038712966163605,-36.22856426149581,27.930346389207344,-7.9887595151724335
2002-03-29,2.8659152933008576,-37.80199701810046,27.349230445710663,-7.583971947362968
2002-03-30,3.212811991845775,-36.62206364012378,25.845481149061047,-7.332800114429625
2002-03-31,2.364630416349615,-37.4202967460584,24.551421550784163,-7.683890024735357
2002-04-01,2.7272640336175256,-36.12309109182725,25.681872860791703,-7.001664266829454
2002-04-02,4.488091077677742,-37.216408906842034,25.44075295258321,-7.8230749268433515
2002-04-03,6.081403550235019,-36.79729819798442,25.366006193191783,-5.861499376223458
2002-04-04,7.2327952303856025,-37.01311807839664,26.051174678297656,-4.839197621322537
2002-04-05,7.881827292116117,-34.89909129641453,26.099509752984247,-5.785723389818622
2002-04-06,8.464412536469094,-35.1452356640954,26.715603177000776,-6.018711480428946
2002-04-07,8.314129778303283,-35.67118052865069,23.959928212835624,-8.097829296536702
2002-04-08,9.335764403882983,-35.389851497816146,23.714186965121065,-8.523035434934844
2002-04-09,9.401228887901707,-37.19989294577465,23.577814774998025,-8.633345321411984
2002-04-10,10.536483327208519,-38.888486293834596,23.704695753374562,-8.982273372984837
2002-04-11,12.318518070258413,-39.29641661853736,24.294979130044478,-10.50242215695343
2002-04-12,14.555954448535815,-39.16259886767205,26.5962038562158,-10.336351556785779
2002-04-13,14.85651375834409,-39.97087762960038,24.848597079712537,-9.80208864501461
2002-04-14,14.2337254475793,-41.24118329479555,24.839875527735757,-11.271455574882001
2002-04-15,13.922134800236268,-40.131015474123686,25.00992992854926,-10.823926901443892
2002-04-16,15.693026776369996,-40.5640967864697,23.971928411288633,-11.641503636196486
2002-04-17,14.744886638438441,-40.72258756267038,21.6905622232924,-10.725330450954887
2002-04-18,17.801341937832902,-41.16198468758942,21.62398091481877,-9.977397966209129
2002-04-19,19.13432806674111,-41.78072053525501,20.1724389355228,-9.985974121223267
2002-04-20,19.443400402689324,-42.07753822314787,20.274093767201222,-10.86389361936404
2002-04-21,20.21860580740346,-42.82562233636563,20.374988516232275,-8.997108174622532
2002-04-22,19.37508596091736,-42.53160612368888,20.13733918246604,-10.038097371861795
2002-04-23,19.343067792708574,-41.889881310369695,19.71813281526012,-9.598427121395025
2002-04-24,19.6061013411919,-41.098652047481046,19.604502566603294,-8.880502105588702
2002-04-25,19.803674701985674,-40.52912250783444,20.306298063381092,-9.81587382414366
2002-04-26,18.34078629548839,-41.15707439845541,20.7101803904321,-10.889184629007946
2002-04-27,15.721125111664,-42.75637926248109,21.94607878238809,-11.854017821940564
2002-04-28,14.6199102364542,-42.84196814236985,21.083464849019137,-11.234843608726324
2002-04-29,13.53720421779491,-43.94208324895798,22.444565257157027,-11.439848632872804
2002-04-30,12.848137281704922,-43.913515021901475,24.797773413011672,-10.772721386643429
2002-05-01,13.166062303670227,-42.905492347193736,25.33828844586271,-10.74903024834242
2002-05-02,13.228225109663564,-42.465001363112954,25.068190557561678,-10.033117790717286
2002-05-03,12.238467328902697,-42.7492030046698,23.269873391650815,-9.779977209010166
2002-05-04,14.133280197286734,-42.69839017588933,23.133802651619327,-7.72306666580642
2002-05-05,14.69180512240757,-43.675651525044735,21.81666895831699,-7.766260366823925
2002-05-06,13.794329344315726,-43.96635123156063,21.43114389018523,-9.772560034982735
2002-05-07,12.779364262050482,-43.69018381518381,21.782506107246455,-9.487160610222716
2002-05-08,13.114474433119062,-44.48414482762988,23.041015178347806,-11.592118522094587
2002-05-09,12.990266117149343,-44.38133884509161,23.433346086734076,-11.069659909549431
2002-05-10,12.381197377772535,-43.53616499958581,23.831043547561187,-11.208036320274385
2002-05-11,11.916600767311891,-44.48250953340719,24.555060104980118,-10.148420178255826
2002-05-12,12.779218152642322,-44.36086576021561,22.809025586036086,-10.59003173550891
2002-05-13,13.463775986752768,-46.31690025871779,22.979597182789504,-11.729966909264741
2002-05-14,11.448465628695953,-46.20361703867879,21.06196520888462,-11.487439469044872
2002-05-15,10.907264065104792,-46.803840197821394,19.995564472792932,-10.927368630782345
2002-05-16,9.949329111476835,-45.837464288747235,21.364364335784092,-11.007066194225466
2002-05-17,7.80528376569278,-45.8789345106412,22.950862252985498,-10.652685590154466
2002-05-18,9.430455133470613,-47.21367471027775,23.125356147564435,-8.70967936274073
2002-05-19,10.7475906748896,-43.51234765299064,23.306873833406325,-9.698339294172763
2002-05-20,11.307208613958464,-43.08327087156546,22.1424741793538,-10.907512677587388
2002-05-21,10.02821062304056,-42.368656169889604,23.127176723347944,-11.230705073163872
2002-05-22,8.697355839970307,-42.58273152255886,22.904616552505566,-11.861072417558594
2002-05-23,10.458612325360445,-42.23508905975556,22.749841884562134,-11.40085606292427
2002-05-24,9.371893287440338,-41.70764643546065,22.73882352820604,-12.901028226733837
2002-05-25,10.43995380535577,-44.03266914230167,22.00566605419599,-10.583350158262956
2002-05-26,10.64332171460443,-43.18940055318925,22.81066633770656,-9.857400670465113
2002-05-27,10.876208356942533,-41.22180800759751,23.014112707035203,-8.754315860930934
2002-05-28,9.61804046845679,-39.259658078570205,23.12453609445278,-12.07997317774743
2002-05-29,9.3489633270476,-39.29317512100972,21.40785725829496,-10.09287096477157
2002-05-30,9.960555886993285,-38.25983368767913,22.05674037775598,-10.733515923073016
2002-05-31,9.514607651364384,-36.962904942191365,23.903424336775316,-9.063134554392988
2002-06-01,8.638086212689709,-37.08744757008021,23.95018621091956,-8.780974011663858
2002-06-02,9.031327641948197,-36.32938538649912,24.47789108484866,-7.56769017666779
2002-06-03,7.278127568231583,-36.31945403537109,24.977089356306248,-8.249387964698666
2002-06-04,7.591197169490185,-35.5403191532196,25.87724991380082,-7.9339956813377865
2002-06-05,8.27739729003217,-35.41456977513128,23.79070521893085,-8.01276214308904
2002-06-06,9.695159580172424,-35.45225729491413,23.8037445059626,-6.609345878969554
2002-06-07,9.436508563743393,-34.48871214567978,22.24433804384295,-4.681708050373717
2002-06-08,9.161778781626216,-36.305759960087556,22.179793389111904,-3.7651842064232444
2002-06-09,8.293850393908412,-36.821050780227864,21.446633636270374,-2.565391771050316
2002-06-10,9.71903059264291,-36.312167425321064,21.8612083507111,-0.9405103749481183
2002-06-11,8.124939424339713,-37.958991027970136,21.026508638189192,-1.6919121450748023
2002-06-12,8.529948420125303,-37.92574529355507,20.67300631186999,-1.7997766785721792
2002-06-13,9.253764846926511,-37.74109523704418,21.894317357653275,-0.7127351343448807
2002-06-14,9.120088842979754,-38.135771120843735,22.298679393236753,-1.65732157515178
2002-06-15,8.136016034678605,-38.499583133322076,23.518917231621764,-2.35521916765861
2002-06-16,9.617154716347233,-39.00644830752584,22.69116292285594,-1.3393141714877947
2002-06-17,8.808945793981666,-38.66314526635395,23.158833293188117,-3.1539456578723843
2002-06-18,9.148914800561174,-39.59975862210136,24.05099279418097,-3.54392751746897
2002-06-19,9.248950498783469,-39.6561157623617,23.798554038573677,-2.9402344531522218
2002-06-20,9.620177778922509,-40.684490438839376,24.12217155024824,-3.6518952019866724
2002-06-21,12.136651343706282,-41.575121612126054,24.655572364394793,-1.7742193724237865
2002-06-22,13.088876216540475,-39.66569973127708,24.827104897572482,-0.4251957601464085
2002-06-23,14.568293001953554,-40.82139813556909,23.062118558817943,-1.0949576429129433
2002-06-24,14.959159671685054,-40.234682028286606,23.438274183798917,-2.5779139176175163
2002-06-25,13.98738724765818,-41.05713946923744,23.377589272905613,-3.714718775904313
2002-06-26,13.712563550488529,-41.07970984461308,22.425391271499045,-3.1406900272866105
2002-06-27,13.763897228977543,-42.34308822229311,22.42804038531845,-2.6574478029086577
2002-06-28,12.77988780378853,-40.76622138401249,22.159564289137762,-1.9367774910814863
2002-06-29,12.723477095617188,-41.09486019844375,23.068244337814352,-2.003092750232906
2002-06-30,13.649299251604269,-40.449916447185686,24.7730148931775,-0.05489584265435732
2002-07-01,14.198919328881708,-41.95904776756305,23.575932968930484,0.5572449330959108
2002-07-02,15.298560559129072,-41.87396386884251,23.88011081370606,0.5608440163495046
2002-07-03,14.453354872913943,-41.485857506475675,23.662774651977866,0.39169376743011014
2002-07-04,13.085855517014886,-41.50431961615382,22.91522438786523,1.355601061960018
2002-07-05,12.999022815306553,-42.59441741762985,21.540701796824674,1.8018591342779735
2002-07-06,12.063733914012593,-42.02672074709714,21.71982074852119,2.7819789624061606
2002-07-07,10.15876459185723,-41.387801853518624,21.56931772888642,1.828861050587319
2002-07-08,10.570182446798187,-39.58310908735526,23.220491252887154,0.3094575189018631
2002-07-09,10.139994218750434,-38.54110332265783,23.302478508478288,0.7002413769531146
2002-07-10,10.646932690198133,-38.63559139784802,22.865075353120783,-0.25654497516119357
2002-07-11,11.08343536319365,-39.694699519382674,22.91949886671513,0.01382738041665843
2002-07-12,9.290880296594045,-38.65178966664781,24.197410894965405,0.8032220303662717
2002-07-13,11.024489579407783,-39.06042873863145,24.74004371683476,1.0363070815847355
2002-07-14,12.657105388161781,-39.297341281782664,24.598246911978364,0.09567350020887266
2002-07-15,13.470941439540573,-40.70597118358608,23.19839696251701,-1.2739380474524251
2002-07-16,13.006068610882233,-40.30314153360263,22.733389147968875,-1.5197398270074127
2002-07-17,12.42494861733447,-38.790825982028494,21.83900036617175,-1.2451600246017676
2002-07-18,12.27143908610275,-37.83110207130297,22.791079169730644,-1.7477545025552068
2002-07-19,12.408848041346507,-38.36209206681278,23.83604065657977,-1.6363805668984135
2002-07-20,12.217421666876081,-37.19458132429516,23.069214113552206,-2.803262764396875
2002-07-21,12.59225460154116,-38.2791373094424,24.52642769922472,-2.863515899607973
2002-07-22,13.466264530027859,-38.62807515381389,25.0581731727422,-2.4705740789051873
2002-07-23,13.852594843219249,-38.69146503825927,25.14500913449267,-0.4764091728939168
2002-07-24,14.405199501739991,-40.919089594186254,25.474419970544574,-2.250066796727637
2002-07-25,13.437773860964105,-41.526504100900716,26.12463433754808,-1.482939022044136
2002-07-26,12.15774205663776,-40.443919603744185,25.66703750719261,-0.7108291380374498
2002-07-27,12.47408371025532,-41.242103888428105,26.316902272401435,-0.9135615640136399
2002-07-28,11.757167082278254,-40.9261665680375,26.781457071776444,-0.7422928836317614
2002-07-29,10.21805861777699,-41.68740943888393,27.42975856115622,-2.7805436262555427
2002-07-30,10.235609946575916,-43.17698235500591,26.541301008416962,-4.380280251194426
2002-07-31,10.938388986840321,-43.470806209682095,27.02501024033607,-4.358857693930179
2002-08-01,8.9092502868583,-43.98403058215498,26.943586893518447,-3.9169988786831906
2002-08-02,7.712591430075626,-42.274909747923154,26.247755808190124,-2.9743862781492254
2002-08-03,8.03294639799841,-41.60460780127526,28.210515193711053,-2.884004392498861
2002-08-04,9.054236194365844,-41.3603562932697,28.11371886531153,-2.7081315576310083
2002-08-05,8.478147256892571,-40.26980215275135,28.873911296657273,-2.0957746740822745
2002-08-06,7.655956971069394,-42.38197672099967,28.191464767177468,-0.5740269242745284
2002-08-07,7.66970657396259,-42.177392982398004,28.01030068236941,-1.088850155789643
2002-08-08,7.455981608185216,-41.80607117858389,26.880550954278444,-1.0210514968704267
2002-08-09,7.5448798856425165,-39.26165956127695,28.122989223356853,-0.19593927794705146
2002-08-10,7.335261675739434,-38.644999520025095,27.34376630212748,0.16369418599945712
2002-08-11,6.592026904186982,-38.84653790080847,26.81807983480393,0.6754769557068461
2002-08-12,7.917857585191476,-40.628843462872695,25.966105492204445,1.3462699225054466
2002-08-13,8.694726309645617,-39.434842268913634,24.848214986035366,2.9264096232404424
2002-08-14,8.939767398383575,-41.01708533500695,26.003195295488304,1.2777651020173406
2002-08-15,7.150484653361769,-40.98192918757047,25.857517812501435,1.5280350749915965
2002-08-16,7.555101238418018,-40.09081749366589,26.02981513670014,1.0539043969080004
2002-08-17,7.160520724921073,-40.01265908957076,25.19081776667941,1.4304986496113452
2002-08-18,7.726611115696712,-41.045195044693585,24.841090991574813,1.39825663319953
2002-08-19,5.8108127302703805,-42.66613156247907,23.819274431705708,2.4302579128240427
2002-08-20,6.688156848802333,-41.22610815850825,22.947764199384753,1.7889140878899208
2002-08-21,6.912393128746167,-42.561498626099464,24.543474811352883,2.476705635616121
2002-08-22,7.5022313742927444,-43.79380010853133,24.356768495961127,0.7958165960221497
2002-08-23,6.522325778956691,-43.385558485101335,24.675719482590672,0.4290599347448973
2002-08-24,7.244335400677268,-44.693162520052375,24.56957915715335,1.844278910753397
2002-08-25,8.436297369491301,-44.522079073689405,25.790997328081662,1.3150715305334648
2002-08-26,7.763310206210047,-43.320419377983015,25.079257743890388,1.2675446841784659
2002-08-27,6.863663843930985,-42.161827513676315,26.58606737423594,-0.46361515983682144
2002-08-28,5.539011945479154,-42.67637709329099,26.505988289086858,0.1579927417111564
2002-08-29,4.7857056427213935,-43.10009987401306,27.753700704540194,-2.7407944922729905
2002-08-30,5.406548555399727,-43.79211734267145,26.146701521471087,-3.4618490937301303
2002-08-31,3.9134970296073073,-45.13219011456965,24.80144840037788,-3.7438043528728415
2002-09-01,2.257457744296258,-44.77945262174358,24.962808537108533,-3.4708125325855885
2002-09-02,1.6522596825060762,-45.97863611851571,25.767349680193973,-3.5349036776576646
2002-09-03,2.4628101436534586,-46.61123376669353,25.462723640597357,-1.837936292162059
2002-09-04,2.869787838463176,-47.24152660969157,25.22894033041117,-0.9434729697175891
2002-09-05,3.543985784621556,-46.87268630718804,26.94037640627853,-0.7553904363158817
2002-09-06,4.440526811972486,-48.799786335257124,27.6218561674776,0.40827915443245666
2002-09-07,4.217307104291923,-46.66277991850815,27.393848952291798,0.5190540627573936
2002-09-08,3.8431808098688385,-45.61531561311842,28.8948220694617,0.43814421319494723
2002-09-09,5.083697399766974,-46.86814366397735,29.997792490295254,-1.9775200805152369
2002-09-10,5.347584795438948,-47.20969974322118,30.70564240643205,-1.3497252378403926
2002-09-11,3.7905142414707917,-46.804890634231235,31.055042055403565,0.413508140261879
2002-09-12,2.2120226685179074,-48.04916992629925,30.290673892413864,0.6086166865877715
2002-09-13,2.833716079386544,-48.286003533002635,29.55754607396775,1.989218323583522
2002-09-14,1.1207192483386077,-49.24863331677466,28.605563530565856,1.5173727633827458
2002-09-15,1.1333030524531678,-48.18502973304708,27.741087920158712,-1.4376556290522462
2002-09-16,1.8649207280638918,-48.76608119770507,28.041220669733658,-1.2936684706643826
2002-09-17,1.7312106517929384,-47.87617333088759,27.127054400167562,-1.8338516780709258
2002-09-18,1.2598683753421172,-50.35277704699661,28.69426160385398,-2.2044709234243114
2002-09-19,1.7521918021775975,-50.28579204153775,28.34226367586938,-2.422473716323876
2002-09-20,1.5819585615746157,-50.99348076943538,28.979410669206903,-2.566327008722658
2002-09-21,0.496203519208833,-50.222928443221605,29.01031006271075,-2.1259810891269164
2002-09-22,1.2277490008400833,-49.658971967169364,29.62165802518463,-2.2866654551008345
2002-09-23,1.0625638658304586,-50.88913617383681,29.621833182407464,-2.402241063799028
2002-09-24,-0.8117083568634811,-51.71098037674919,29.004951096603577,-1.1905728307580454
2002-09-25,-1.6504392140167279,-51.32635639091316,29.53225586850105,0.9967596368693816
2002-09-26,-1.061495116172024,-50.192790519345046,29.426194329931842,0.3030753437629403
